,filename,mean_Bleu_1,mean_Bleu_2,mean_Bleu_3,mean_Bleu_4
0,result2.json,0.03029349752074689,0.0016206860684647303,0.0002404399377593361,0.0
1,result.json,0.030634003101659753,0.0015234292219917013,0.00013851810165975103,0.0
